name,artist,id,danceability,energy,loudness,speechiness,acousticness,tempo,liveness,valence,mood
So Far Away,Surfaces,6cjrJbXoA0VscOXEPgLdYv,0.714,0.68,0.48283582089552246,0.132,0.149,160.021,0.098,0.672,1
Close Your Eyes,Felix Jaehn,7N06jo3EnV792VFaG8vuW6,0.818,0.823,0.7452238805970149,0.2,0.0663,128.136,0.133,0.52,1
Marvin Gaye (feat. Meghan Trainor),Charlie Puth,6ukMqDxnOPOgoHdak7Kyp3,0.795,0.616,0.48880597014925375,0.06,0.417,110.015,0.349,0.815,1
"L.O.V.E. (feat. EARTHGANG, Jon Batiste & Sherwyn)",Yung Bae,3h3szgXLd2FJ0WSWj8om9t,0.81,0.779,0.5555223880597016,0.0485,0.000308,111.054,0.23,0.641,1
Cloudy Day,Tones And I,0mA7zotmg2ZFMRALljdZsS,0.705,0.776,0.36716417910447763,0.0445,0.0643,116.011,0.0246,0.366,1
If You Really Love Me (How Will I Know),David Guetta,1V7bZ9gEIwFQpm8yGxRHNA,0.692,0.883,0.575820895522388,0.0582,0.0512,122.984,0.228,0.614,1
Blinding Lights,The Weeknd,0sf12qNH5qcw8qpgymFOqD,0.513,0.796,0.6688059701492538,0.0629,0.00147,171.017,0.0938,0.345,1
YES,BEN & TAN,1nAvS4GbkxR7iISU5ZfLPf,0.563,0.583,0.18716417910447758,0.031,0.00658,91.899,0.102,0.525,1
Say My Name,Dimitri Vegas & Like Mike,3GYlQmwfBDo7imFyGPhrl7,0.729,0.788,0.5558208955223881,0.0908,0.0703,118.039,0.115,0.857,1
Be Okay (with HRVY),R3HAB,4ztw0mBC6VBiLV79yRHDQW,0.73,0.558,0.30164179104477606,0.0786,0.0179,100.066,0.128,0.618,1
A-O-K,Tai Verdes,4CbrNGvwVjneG8Nk9YQqMR,0.731,0.626,0.24432835820895527,0.0805,0.125,82.488,0.183,0.862,1
Weekend Vibe,Jubël,5c0lWlmIyCq7hzBhpZasYL,0.688,0.742,0.3273134328358208,0.0496,0.00912,110.026,0.186,0.74,1
Sing It With Me,JP Cooper,60DwQiwwglVkTkTwDTTEId,0.54,0.793,0.6234328358208956,0.0493,0.0744,112.219,0.354,0.399,1
I Found You,Cash Cash,3wYOGJYD31sLRmBgCvWxa4,0.646,0.761,0.8953731343283583,0.0385,0.0714,129.916,0.222,0.472,1
Dive,Hot Shade,0Npijoc6ZcUe1devUugKvI,0.654,0.787,0.5308955223880598,0.0502,0.00515,123.978,0.144,0.409,1
I Don't Care (with Justin Bieber),Ed Sheeran,3HVWdVOQ0ZA45FuZGSfvns,0.798,0.675,0.5246268656716417,0.0442,0.0912,101.956,0.0894,0.842,1
Remember,Becky Hill,4laAKIq9ZxBCwf99rauPYb,0.612,0.862,0.8437313432835821,0.037,0.041,123.849,0.0907,0.354,1
You for Me,Sigala,73QyyUMMvtNELmULI4FOsp,0.733,0.886,1.0,0.0426,0.0481,126.031,0.191,0.696,1
Dancing in the Moonlight (feat. NEIMY),Jubël,5ow0sNF1zSqp71Ix5jEXWU,0.659,0.617,0.40208955223880594,0.0649,0.27,119.858,0.187,0.187,1
Early In The Morning,Kris Kross Amsterdam,2R9nfayl1NXhuAdEpwG2Qa,0.786,0.679,0.4707462686567164,0.0339,0.021,104.979,0.0433,0.673,1
Heartbreak Anthem (with David Guetta & Little Mix),Galantis,5K6Ssv4Z3zRvxt0P6EKUAP,0.595,0.784,0.548955223880597,0.102,0.216,124.111,0.0608,0.479,1
Smile,Benjamin Ingrosso,3OUlwrGsM6xGuA66YVpeGT,0.592,0.749,0.35686567164179106,0.0295,0.000618,127.038,0.166,0.799,1
Somebody To You,The Vamps,6VrLYoQKdhu1Jruei06t65,0.526,0.818,0.38865671641791044,0.0358,0.0587,171.96,0.333,0.896,1
Lil Bit,Nelly,0NmuYnjETG3u3qx0OmEJev,0.707,0.689,0.21776119402985072,0.0387,0.0255,119.987,0.383,0.41,1
THATS WHAT I WANT,Lil Nas X,0e8nrvls4Qqv5Rfa2UhqmO,0.737,0.846,0.6038805970149255,0.22,0.00614,87.981,0.0486,0.546,1
Thelma + Louise,Bastille,4UxATpWvXewD5EZUW01EeQ,0.766,0.83,0.7792537313432837,0.1,0.0146,121.948,0.035,0.756,1
Lasting Lover,Sigala,0DmAvNCAK08oCi7miSZUIY,0.676,0.786,0.601044776119403,0.0478,0.197,125.983,0.0943,0.483,1
Anyone,Justin Bieber,31qCy5ZaophVA81wtlwLc4,0.686,0.538,0.07910447761194028,0.0345,0.181,115.884,0.113,0.584,1
Hold On Tight,Aloe Blacc,2xytFpmHqcz6UHp1sh0SoR,0.722,0.59,0.1558208955223881,0.0435,0.0264,104.931,0.0793,0.368,1
Hold You Tonight (with Chris Lane),Gryffin,58jecLK0epwMLr9cy5vFUy,0.467,0.795,0.7397014925373134,0.0687,0.102,163.837,0.264,0.472,1
High Horse (feat. BRELAND and Blanco Brown),Nelly,4XMNF67BLR9zzti9XLVFR7,0.876,0.745,0.7850746268656718,0.0587,0.0164,104.996,0.0798,0.946,1
No One Compares To You,Jack & Jack,2jZIfoe48eUeOEnP9Ho4h2,0.703,0.748,0.3744776119402986,0.0435,0.123,111.943,0.0642,0.625,1
Forever Young,UNDRESSD,1J2EmhjTmHQxLShYQK7Xti,0.594,0.725,0.1986567164179105,0.0293,0.0375,122.983,0.237,0.572,1
So Close,NOTD,7FjZU7XFs7P9jHI9Z0yRhK,0.7,0.872,0.3970149253731343,0.0666,0.121,125.03,0.103,0.761,1
Where Did You Go?,Jax Jones,26KOUSe9W0ZsTxMgNfbmq1,0.774,0.784,0.5980597014925373,0.0351,0.194,127.042,0.293,0.533,1
Be Kind,Zak Abel,5pE4OLVJh5rjaLERbUgBB2,0.929,0.67,0.6834328358208956,0.0488,0.068,120.935,0.318,0.938,1
Sweetest Pie,Megan Thee Stallion,7mFj0LlWtEJaEigguaWqYh,0.814,0.628,0.2056716417910447,0.221,0.167,123.977,0.101,0.677,1
How We Do It (feat. Pia Mia),Sean Paul,1G2J5KdJxNH6Sd0wEclV0P,0.623,0.818,0.736268656716418,0.529,0.143,130.655,0.232,0.729,1
Pepas,Farruko,5fwSHlTEWpluwOM0Sxnh5k,0.762,0.766,0.6867164179104478,0.0343,0.00776,130.001,0.128,0.442,1
Never Really Over,Katy Perry,5PYQUBXc7NYeI1obMKSJK0,0.77,0.882,0.5617910447761195,0.0602,0.194,99.991,0.316,0.385,1
Mariposa,Peach Tree Rascals,4ja2gzrNh9VNigzoXfmbwD,0.676,0.525,0.3994029850746269,0.028,0.617,112.011,0.356,0.421,1
ME! (feat. Brendon Urie of Panic! At The Disco),Taylor Swift,4Sib57MmYGJzSvkW84jTwh,0.614,0.839,0.6586567164179106,0.0702,0.0291,182.123,0.112,0.657,1
Somebody You Like,Felix Jaehn,43IcAhi0JNBOSqMuHonWQx,0.682,0.822,0.6170149253731344,0.0399,0.217,120.02,0.12,0.595,1
Dancing Feet (feat. DNCE),Kygo,4RAR8g8fZNB106ezUurnE0,0.75,0.797,0.5567164179104479,0.118,0.293,105.949,0.392,0.523,1
Just Friends,Virginia To Vegas,02Ygu8lo3qSknRpcBnspso,0.793,0.714,0.14835820895522378,0.193,0.156,100.036,0.136,0.794,1
I Love Me,Demi Lovato,2IHLaN6wwYKQ3S24NsQqpA,0.664,0.561,0.2276119402985075,0.0495,0.00261,150.093,0.0764,0.713,1
Never Love You Again (with Little Big Town & Bryn Christopher),Cheat Codes,676tQQmFrilCR8L7kxRcGd,0.645,0.786,0.4804477611940299,0.0554,0.0343,124.962,0.139,0.597,1
Rewrite The Stars (with James Arthur & Anne-Marie),James Arthur,78nplE9X2ZGvQh3TKgvldE,0.67,0.743,0.5317910447761194,0.0393,0.237,125.944,0.465,0.571,1
Uptown Funk (feat. Bruno Mars),Mark Ronson,32OlwWuMpZ6b0aN2RZOeMS,0.856,0.609,0.19895522388059694,0.0824,0.00801,114.988,0.0344,0.928,1
Good as Hell (feat. Ariana Grande) - Remix,Lizzo,07Oz5StQ7GRoygNLaXs2pd,0.668,0.892,0.8291044776119404,0.0645,0.298,95.927,0.735,0.478,1
My Love,Anna of the North,3akpDdQJUVckqG4r1bmR25,0.674,0.698,0.3261194029850746,0.0288,0.636,105.975,0.172,0.45,1
The Best Days (feat. Tabitha),Sam Feldt,140XpWSdJ0jZEbLj9iVnPA,0.667,0.827,0.43656716417910446,0.0368,0.0863,107.95,0.0565,0.573,1
Hallucination,Regard,7y3c1oJMY1CwwtOZ84Qovu,0.687,0.788,0.5095522388059701,0.0352,0.0121,123.02,0.358,0.669,1
Polaroid,Jonas Blue,1wsLHgXJ4SKIfd5ePSX1hD,0.652,0.897,0.6082089552238806,0.036,0.293,114.033,0.0722,0.475,1
Bigger Than,Justin Jesso,5X73AYzzEE5Di0JwcQKt9N,0.421,0.669,0.5719402985074626,0.127,0.151,175.788,0.635,0.326,1
What A Man Gotta Do,Jonas Brothers,4wNIkl5XGiAACjFBlDWuSd,0.852,0.698,0.20149253731343286,0.0629,0.00839,113.039,0.0773,0.324,1
Forgive Me Friend,Smith & Thell,6LS5QB8GW8raREqEEQPEMs,0.589,0.783,0.37119402985074634,0.0318,0.000927,127.92,0.187,0.622,1
Tick Tock (feat. 24kGoldn),Clean Bandit,27u7t9d7ZQoyjsCROHuZJ3,0.779,0.705,0.6956716417910448,0.0344,0.369,101.022,0.124,0.946,1
Sunshine,OneRepublic,5r43qanLhUCdBj8HN3fa6B,0.697,0.875,0.5873134328358208,0.034,0.137,140.069,0.28,0.774,1
Glorious,Ella Henderson,7xPIlYAQvOubFllPkn8XSL,0.756,0.54,0.4626865671641791,0.125,0.155,108.274,0.0551,0.642,1
Someone,Jubël,68zNuCEl9UHTbcBltW2uDv,0.7,0.904,0.6755223880597016,0.0431,0.0531,103.039,0.105,0.347,1
Way Back Home (feat. Conor Maynard) - Sam Feldt Edit,SHAUN,1ZLrDPgR7mvuTco3rQK8Pk,0.737,0.747,0.5579104477611941,0.0323,0.269,105.943,0.219,0.447,1
Slow Dance (feat. Ava Max) - Sam Feldt Remix,AJ Mitchell,2wenGTypSYHXl1sN1pNC7X,0.732,0.85,0.38164179104477614,0.0444,0.114,124.024,0.0388,0.372,1
What I Like About You (feat. Theresa Rex),Jonas Blue,4NSW0Km5ZG60L8FthUebPJ,0.46,0.8,0.742089552238806,0.05,0.289,102.46,0.121,0.553,1
Lean On Me,Sandro Cavazza,43Hit5V2BpPq2vxvca3ysc,0.799,0.419,0.08447761194029857,0.174,0.412,156.055,0.203,0.716,1
True Colors (feat. Maya Avedis),XO Cupid,4AMY0oGSt7vZwgxDnHCJBr,0.636,0.63,0.32238805970149254,0.0346,0.0796,104.845,0.13,0.454,1
Who's Laughing Now,Ava Max,73h4oe03sZy8bXfQLfnqMv,0.648,0.641,0.45298507462686566,0.0389,0.00565,184.021,0.109,0.505,1
My Way,Aloe Blacc,67CZNsG3SQ1S8O2BsjTo4R,0.619,0.557,0.1634328358208954,0.0433,0.0436,74.007,0.112,0.378,1
2002,Anne-Marie,6SFStUDQZNaGPKWOx9ZiJB,0.697,0.683,0.8470149253731345,0.117,0.0372,96.133,0.137,0.603,1
MONTERO (Call Me By Your Name),Lil Nas X,3BZEcbdtXQSo7OrvKRJ6mb,0.61,0.508,0.27970149253731336,0.152,0.297,178.818,0.384,0.758,1
Take You Dancing,Jason Derulo,59qrUpoplZxbIZxk6X0Bm3,0.789,0.711,0.6429850746268657,0.041,0.0332,112.985,0.0876,0.753,1
Summer Feelings (feat. Charlie Puth) - From 'SCOOB!' The Album,Lennon Stella,49dFIRQCQxPWgoH0m38XQ5,0.696,0.686,0.3646268656716417,0.0309,0.262,115.982,0.174,0.7,1
Savage Love (Laxed - Siren Beat),Jawsh 685,5T490vvoFNU6psep0NPmxs,0.795,0.48,0.0,0.0688,0.243,149.919,0.271,0.723,1
3 outfits,Tai Verdes,78zWCikDMYzFpXAdqANPrD,0.65,0.88,0.6364179104477613,0.15,0.145,176.017,0.351,0.648,1
Beautiful People (feat. Khalid),Ed Sheeran,4evmHXcjt3bTUHD1cvny97,0.64,0.648,0.06611940298507468,0.187,0.124,92.977,0.0802,0.548,1
Can We Pretend (feat. Cash Cash),P!nk,3O0e0LHTpza0rYVDbZfQ4r,0.524,0.806,0.7625373134328358,0.406,0.197,115.172,0.101,0.45,1
Bittersweet Symphony (feat. Emily Roberts),GAMPER & DADONI,6sYJuVcEu4gFHmeTLdHzRz,0.676,0.582,0.14567164179104486,0.128,0.221,124.012,0.515,0.447,1
Lease On Life,Andy Grammer,763ynRN90zLEp9hrNNINjl,0.704,0.701,0.4650746268656716,0.0596,0.0593,88.016,0.126,0.606,1
Follow Me,Sam Feldt,2Xy1UIVfOlukyye6Fd0wrI,0.673,0.729,0.5488059701492538,0.0496,0.083,122.023,0.1,0.675,1
Call You Mine (feat. Bebe Rexha),The Chainsmokers,05CwHjIk71RXVU40boRMnR,0.591,0.702,0.4426865671641792,0.0289,0.225,104.003,0.414,0.501,1
Savage Love (Laxed – Siren Beat) [BTS Remix],Jawsh 685,4TgxFMOn5yoESW6zCidCXL,0.758,0.598,0.42701492537313435,0.0868,0.16,149.836,0.295,0.658,1
"Happy - From ""Despicable Me 2""",Pharrell Williams,5b88tNINg4Q4nrRbrCXUmg,0.647,0.822,0.5811940298507463,0.183,0.219,160.019,0.0908,0.962,1
On Me (feat. Ava Max),Thomas Rhett,7k6tAZp4m93oswrPqSfBbc,0.548,0.721,0.6104477611940299,0.0472,0.0119,177.918,0.216,0.594,1
"You Can't Stop The Girl (From Disney's ""Maleficent: Mistress of Evil"")",Bebe Rexha,1i3z3GR1JtLswOSJNO0BQw,0.394,0.718,0.33134328358208953,0.0607,0.706,151.912,0.116,0.247,1
Dance with Me (feat. Thomas Rhett & Young Thug),Diplo,6AoHQqGnuwFk9ygWhzLRws,0.73,0.792,0.4814925373134329,0.13,0.0264,99.039,0.101,0.745,1
All I Know So Far,P!nk,4LmN3eU1R1vVEdKuDELpGk,0.578,0.639,0.41895522388059714,0.0374,0.0586,108.045,0.0944,0.296,1
Keep You Mine,NOTD,0OJN2A3Qyvd7pwSF0AIteC,0.81,0.788,0.7302985074626867,0.0447,0.267,135.991,0.196,0.845,1
Bam Bam (feat. Ed Sheeran),Camila Cabello,0QBzMgT7NIeoCYy3sJCof1,0.756,0.697,0.325223880597015,0.0401,0.182,94.996,0.333,0.956,1
How Will I Know,Whitney Houston,79wbJeLkXOlJh4AzaWCWfL,0.761,0.739,0.741044776119403,0.0369,0.178,118.997,0.23,0.656,1
Pick Me Up,Sam Feldt,6VYIVgVqEIwzRwpJz5rMa4,0.688,0.662,0.4456716417910448,0.0441,0.0971,115.106,0.172,0.549,1
Love Me Now (feat. Zoe Wees),Kygo,1c1sdxrYLIiuJOlE7PPttb,0.662,0.489,0.22223880597014922,0.0525,0.163,102.04,0.172,0.506,1
Love You Better,John De Sohn,4UuGBDjt8gLXsANZqZxMBz,0.733,0.786,0.15850746268656724,0.0422,0.0931,102.999,0.1,0.786,1
Lovefool,twocolors,51Of5p3lKZeOg6itfs4og4,0.677,0.766,0.24776119402985075,0.0568,0.0219,123.062,0.129,0.198,1
Don’t Wake Me Up,Jonas Blue,3LEgGAl9zLcQWGTp7ptqtQ,0.621,0.747,0.5182089552238807,0.0337,0.222,124.015,0.147,0.426,1
I Don't Know Why,NOTD,0ZXdzaT1k688dkpNeEgQiV,0.499,0.898,0.6529850746268657,0.124,0.124,120.04,0.0832,0.618,1
Ooh Girl (feat. A Boogie Wit da Hoodie),Kris Kross Amsterdam,1mKNyZCNDueEASgBgZuLdA,0.726,0.781,0.6388059701492538,0.0525,0.139,104.976,0.274,0.579,1
Holiday,KSI,3G2omDJ5ZGYSiJV3UOOPw0,0.356,0.684,0.18044776119402983,0.0878,0.152,87.188,0.101,0.347,1
Iko Iko (My Bestie),Justin Wellington,7MC4XR9M9amdmKQr2iDF7i,0.862,0.753,0.4776119402985075,0.0625,0.131,105.039,0.077,0.827,1
This Feeling (feat. Kelsea Ballerini),The Chainsmokers,15kQGEy89K8deJcZVFEn0N,0.539,0.651,0.48537313432835816,0.0432,0.0651,105.159,0.0662,0.474,1
Crazy What Love Can Do,David Guetta,1WCEAGGRD066z2Q89ObXTq,0.601,0.713,0.7161194029850747,0.0449,0.0282,122.872,0.158,0.464,1
Big Energy,Latto,6Zu3aw7FfjAF9WA0fA81Oq,0.935,0.807,0.7526320607891603,0.114,0.0514,106.017,0.349,0.813,2
BULLDOG,LAUNDRY DAY,0kj8iOWDgQqiRbDWQSJsWb,0.808,0.448,0.5371235008697243,0.0866,0.116,124.011,0.148,0.602,2
The Spins,Mac Miller,51pshtuYkgUQnt5huMPbKL,0.794,0.766,0.7475052641215783,0.0377,0.0135,127.007,0.0785,0.55,2
The Good Part,AJR,50kmOL6NMU98y6eJTlSicJ,0.291,0.443,0.6118282523116358,0.0369,0.0922,185.934,0.382,0.532,2
I Look Good,O.T. Genasis,79aQX5Uq6t8apowFe5uueL,0.919,0.601,0.6543989746406664,0.144,0.375,95.018,0.162,0.44,2
Livin It Up (with Post Malone & A$AP Rocky),Young Thug,7zjEyeBsaw9gV0jofJLfOM,0.767,0.313,0.0,0.0798,0.838,82.582,0.105,0.765,2
Just a Cloud Away,Pharrell Williams,4UPQiDmYScn2C6S2C2WATY,0.888,0.459,0.3575025176233635,0.0357,0.426,112.56,0.11,0.704,2
Raingurl,Yaeji,5z1wOyEyoRu0HTkXYvuqiH,0.929,0.573,0.46919344502426064,0.0511,0.0173,128.037,0.122,0.305,2
Burning,The Whitest Boy Alive,0QgR03vMDoBoLgcu08EtKl,0.721,0.758,0.41408038084775234,0.0372,0.669,150.825,0.133,0.865,2
3 Nights,Dominic Fike,1tNJrcVe6gwLEiZCtprs1u,0.815,0.518,0.5003204247917238,0.0897,0.223,151.891,0.104,0.877,2
I Want U,No Rome,52ewMn6BRCU9hAPysg8TLm,0.509,0.894,0.9999999999999999,0.083,0.1,91.881,0.258,0.319,2
I Can't Help But Feel,Surfaces,40gooTta3y4FgzXaMOGDJL,0.722,0.706,0.6872654032774879,0.0314,0.328,114.983,0.108,0.715,2
Cupid's Chokehold / Breakfast in America,Gym Class Heroes,2Lhdl74nwwVGOE2Gv35QuK,0.72,0.744,0.46882724526229047,0.12,0.237,78.953,0.255,0.619,2
Slide (feat. Frank Ocean & Migos),Calvin Harris,6gpcs5eMhJwax4mIfKDYQk,0.736,0.795,0.8019774787146388,0.0545,0.498,104.066,0.254,0.511,2
buzz cut (feat. MisterWives),lovelytheband,3ZM7EQicqJZinzks0T4Zrq,0.636,0.845,0.515151515151515,0.0504,0.0342,146.956,0.174,0.866,2
Cutie,COIN,4nLTOnpSCBwRlul92HLIyW,0.682,0.609,0.5206445115810674,0.139,0.000928,111.991,0.142,0.723,2
Watermelon Sugar,Harry Styles,6UelLqGlWMcVH1E5c4H7lY,0.548,0.816,0.7186670328664285,0.0465,0.122,95.39,0.335,0.557,2
Tainted Love,Isaac Dunbar,2nx6I5R9C8nfBofUdlXoRA,0.628,0.695,0.6162226494552777,0.0327,0.0378,113.972,0.358,0.398,2
Levels - Original Version,Avicii,6Xe9wT5xeZETPwtaP2ynUz,0.602,0.834,0.502242973542067,0.0358,0.0297,125.99,0.34,0.353,2
Up Up & Away,Kid Cudi,1RUTIdTnFs8lHSc0Zr4UJB,0.66,0.881,0.5438066465256797,0.0849,0.0722,120.017,0.362,0.586,2
Borderline,Tame Impala,5hM5arv9KDbCHS0k9uqwjr,0.621,0.873,0.8232170649089077,0.0369,0.0406,97.96,0.0824,0.873,2
Saturday Sun,Vance Joy,1WZRe3PnxllLd9PPzbPLeo,0.63,0.867,0.7072232903048612,0.0476,0.495,99.974,0.18,0.706,2
sunburn,almost monday,4gBkCqlITvat2A3aYPtMqS,0.691,0.742,0.6879978028014281,0.0321,0.00372,111.98,0.495,0.788,2
Meet Me At Our Spot,THE ANXIETY,07MDkzWARZaLEdKxo6yArG,0.773,0.47,0.3780097042936922,0.0299,0.0153,94.995,0.0851,0.399,2
summer&cigarettes,sammy rash,5PmtPTXrLqgqQfqngsUqZp,0.834,0.402,0.1631419939577039,0.072,0.76,122.008,0.279,0.684,2
Better Days (NEIKED x Mae Muller x Polo G),NEIKED,6f5ExP43esnvdKPddwKXJH,0.717,0.671,0.639201684518905,0.0337,0.0018,110.054,0.0921,0.699,2
Elastic,Joey Purp,4MAADpR6MjelkaZqe3Mgnv,0.966,0.435,0.6513778266044126,0.0674,0.0604,111.16,0.0511,0.561,2
Chicken Tenders,Dominic Fike,4sYbZjRCyaFqCtJ2Uvfh8B,0.746,0.741,0.6042296072507551,0.0567,0.268,119.983,0.644,0.72,2
More Than Friends,Aidan Bissett,1Ph96WpdjNlwD6iKRE2Xa3,0.559,0.655,0.48219353657420116,0.051,0.58,160.016,0.124,0.667,2
Good Advice,Peach Tree Rascals,2mAjXnUG4QJAypppi5J2lA,0.781,0.647,0.6698709145839055,0.0412,0.145,105.038,0.0635,0.912,2
Toast,Koffee,7sd72KZS8D59g5NmhxyHpJ,0.906,0.638,0.3791998535200951,0.256,0.0342,99.959,0.0725,0.789,2
Chiquitita,ABBA,762B4bOcXF7I2Y8UlKTyTy,0.5,0.554,0.36171381488602017,0.0354,0.734,84.229,0.312,0.372,2
Can't Do Without (My Baby),Cosmo's Midnight,4hG6H7xPvEleJD9QUEqaAS,0.654,0.94,0.5525038908724709,0.0633,0.163,118.001,0.324,0.787,2
Solar Power,Lorde,3KdoeNlEN0BoAKWzaRLNZa,0.735,0.47,0.24297354206719768,0.1,0.266,87.971,0.32,0.897,2
SMILE,Arden Jones,6eshn81GQPqBfv7TEOyoTI,0.649,0.562,0.451066556806738,0.141,0.474,168.067,0.122,0.702,2
Fire for You,Cannons,4o0LyB69tylqDG6eTGhmig,0.737,0.678,0.4621440996063352,0.0962,0.114,102.051,0.123,0.698,2
Oysters in My Pocket,Royel Otis,5nkeTRV4E4ZAlc4s1aRgYK,0.597,0.924,0.6486313283896363,0.0624,0.0205,168.023,0.17,0.611,2
8TEEN,Khalid,5bgwqaRSS3M8WHWruHgSL5,0.83,0.585,0.5728279776618145,0.0366,0.225,105.03,0.0576,0.642,2
Get Lucky (feat. Pharrell Williams & Nile Rodgers) - Radio Edit,Daft Punk,2Foc5Q5nqNiosCNqttzHof,0.794,0.811,0.2831639659434221,0.038,0.0426,116.047,0.101,0.862,2
Weatherman,Eddie Benjamin,5CmIIBRVQWLX2uXAkuBlS8,0.772,0.437,0.4744117916323354,0.0298,0.183,96.971,0.243,0.814,2
5 Years Time,Noah And The Whale,5VaPx8jYNENRGmOOhScbW1,0.804,0.552,0.4532637553785589,0.113,0.4,121.996,0.1,0.748,2
Crazy For Your Love,JAWNY,0ZP0ydUAykSmWBvTDCjrzf,0.704,0.564,0.4106930330495284,0.0379,0.218,114.967,0.07,0.607,2
Sour Patch Kids,Bryce Vine,5DJNyvuMmZfsfvdTpMMmUq,0.523,0.783,0.6385608349354572,0.0545,0.0144,76.588,0.219,0.581,2
Heybb!,binki,3sN85u5M7FoMmHa8E2aViO,0.654,0.972,0.8410693033049528,0.103,0.0174,117.009,0.402,0.687,2
Bleach,Isaac Dunbar,3j8mwslzqj90yjWWNwwff8,0.66,0.695,0.7197656321523389,0.0318,0.0638,113.047,0.213,0.577,2
Summer,Calvin Harris,6YUTL4dYpB9xZO5qExPf05,0.596,0.856,0.7784491440080563,0.0346,0.0211,127.949,0.141,0.743,2
Fireflies,Owl City,3DamFFqW32WihKkTVlwTYQ,0.512,0.662,0.48173578687173846,0.0439,0.0275,180.114,0.118,0.472,2
FANTAZIA,Roy Blair,3XetDJxSDARsex7zU9KEpM,0.866,0.526,0.45143275656870807,0.24,0.314,126.001,0.173,0.651,2
Complicated (feat. Young Franco),Winston Surfshirt,0qjOgJ8BLIt5d9VgYEYq75,0.87,0.493,0.34798132381213953,0.403,0.198,114.014,0.0951,0.801,2
Midnight City,M83,1eyzqe2QqGZUmfcPZtrIyt,0.526,0.712,0.5066373706857089,0.0356,0.0161,105.009,0.179,0.32,2
YOU'RE THE ONE,KAYTRANADA,70kdJnm1X6eEM8DbWa8Mnc,0.824,0.396,0.21935365742012258,0.332,0.0323,118.048,0.108,0.253,2
One More Weekend,Maude Latour,19YOJKCVvOL7v6B2Oe3UBc,0.627,0.565,0.47029204431017113,0.122,0.537,131.083,0.214,0.514,2
Tell Me The Truth,FireCityFunk,4t50safk602YboSVyGenFk,0.815,0.509,0.20708596539412238,0.123,0.0629,114.572,0.0676,0.87,2
Marlboro Nights,Lonely God,7fuQc3IfjiB1gCqP9c1Xvy,0.466,0.823,0.49665842717202224,0.31,0.00237,175.802,0.332,0.782,2
Memories (feat. Kid Cudi),David Guetta,5xYC48nOppVemY6U5GRGTb,0.546,0.916,0.7440263663828617,0.255,0.00144,129.983,0.251,0.375,2
Weekend Friend,Goth Babe,2d3QlXE6FXFDeodiS66yjM,0.409,0.594,0.21367756110958525,0.031,0.032,110.187,0.0904,0.212,2
Magic - Edit,Polo & Pan,6Sy5ie6qrZxdrdfSArtOTH,0.595,0.717,0.419115627574842,0.112,0.111,113.048,0.102,0.284,2
Be Around Me,Will Joseph Cook,1O8Cn9KeZxffkhDXMFFWxH,0.753,0.703,0.6375537855900393,0.0621,0.0814,82.477,0.442,0.814,2
Can I Kick It?,A Tribe Called Quest,3Ti0GdlrotgwsAVBBugv0I,0.848,0.666,0.5046232719948731,0.274,0.173,96.662,0.129,0.744,2
Good Life,OneRepublic,6OtCIsQZ64Vs1EbzztvAv4,0.634,0.69,0.38954499679575194,0.052,0.0771,94.988,0.132,0.645,2
Sober,Childish Gambino,5NhlpQ6BOIz3S5welptk1W,0.707,0.562,0.40629863590588655,0.0305,0.124,98.094,0.561,0.418,2
Sheesh!,Surfaces,3ddNKnYpVx0uI8vcwbTQ5Y,0.743,0.832,0.743568616680399,0.0611,0.161,149.951,0.0925,0.801,2
Incredible,Future,2qwn6whaZf7gax7SaqUZSC,0.79,0.438,0.5124050169367389,0.133,0.0634,90.022,0.1,0.247,2
Dugout,The Backseat Lovers,2Wbssw1v5pKtnBaQ1doY1Z,0.31,0.537,0.21129726265677928,0.0368,0.016,112.255,0.0861,0.123,2
Passionfruit,Drake,5mCPDVBb16L4XQwDdbRUpz,0.809,0.463,0.062437059415911156,0.0396,0.256,111.98,0.109,0.364,2
Only You,Steve Monite,3NcGNpeJ3rouV7fQ3dtv04,0.786,0.921,0.4776160395495742,0.101,0.0552,118.373,0.0629,0.628,2
A-O-K,Tai Verdes,1sx0XsWUusUoPstbvokZjP,0.731,0.626,0.47056669413164876,0.0805,0.125,82.488,0.183,0.862,2
Dopamine,Franc Moody,4sFyLyuJOUVMDcaSg1oHEa,0.818,0.562,0.3918337453080655,0.0356,0.0987,125.03,0.355,0.57,2
For A Minute,WizTheMc,2zAKwUD7TVTt8qTxa9bnQJ,0.711,0.778,0.5230248100338734,0.0897,0.0273,160.018,0.103,0.827,2
So Hot You're Hurting My Feelings,Caroline Polachek,5B6Kjha6RRIMWGN7zGsAaT,0.795,0.576,0.648905978211114,0.0289,0.0787,111.975,0.121,0.847,2
C.U.D.I (Can U Dig It),Cosmo's Midnight,1YNejxrTddSkGseyZRDZRG,0.609,0.878,0.5009612743751716,0.0438,0.0344,113.985,0.202,0.674,2
Glitter,BENEE,23TPP1eeElFfvYVznskwCY,0.801,0.589,0.6318776892795018,0.0485,0.0863,116.934,0.162,0.58,2
Funny Thing,Thundercat,1c5CllrZr45UBhWpIqM332,0.586,0.893,0.30092465439897453,0.439,0.827,140.023,0.212,0.65,2
skeletons,easy life,0K0JJ3QZEHYhBwkE21L2HZ,0.779,0.733,0.3590588666117366,0.0734,0.0177,115.009,0.591,0.515,2
Piece Of My Mind,BROODS,46xmYw2Cuqj5OPco7AsJJ4,0.62,0.907,0.6022155085599193,0.0451,0.013,161.999,0.633,0.796,2
The Nights,Avicii,0ct6r3EGTcMLPtrXHDvVjc,0.527,0.835,0.6189691476700538,0.0433,0.0166,125.983,0.249,0.654,2
Truth Hurts,Lizzo,3HWzoMvoF3TQfYg4UPszDq,0.715,0.624,0.825139613659251,0.114,0.11,158.087,0.123,0.412,2
Brown Eyed Girl,Van Morrison,3yrSvpt2l1xhsV9Em88Pul,0.491,0.583,0.10024718483932982,0.0376,0.185,150.566,0.406,0.908,2
Let Me Down,Oliver Tree,0jk6J6B9ivegJc7dTg10Mp,0.457,0.648,0.576489975281516,0.0552,0.0114,160.021,0.212,0.736,2
Smile,Sampology,01fshn2AFIfmAsr6jFgnYB,0.727,0.686,0.14501510574018117,0.0397,0.193,111.036,0.102,0.602,2
An Ending (Ascent) - Remastered 2005,Brian Eno,1vgSaC0BPlL6LEm4Xsx59J,0.257,0.0906,0.5226361188945662,0.07,0.932,67.46,0.0786,0.0451,3
#3,Aphex Twin,2Bc4llhjJBW77I552RgA3L,0.167,0.071,0.47519367067743523,0.041,0.911,143.315,0.107,0.0613,3
A Meaningful Moment Through a Meaning(less) Process,Stars Of The Lid,4TrCvd1PrqI14lZb7tEtYo,0.0629,0.0718,0.5388989615955166,0.0432,0.955,67.25,0.0906,0.0324,3
Boreal Kiss Pt. 1,Tim Hecker,1i8MaQec4fQXj1enX8ZWF4,0.196,0.0236,0.519559364870062,0.0429,0.528,134.596,0.289,0.0894,3
12 Hours Before,Hildur Guðnadóttir,3pcrD4NBBBQGMJATRhk25C,0.179,0.249,0.6727102906433712,0.0405,0.82,84.444,0.0803,0.0367,3
dlp 1.3,William Basinski,0DsKfyDPVSfJPWb3Jno6WC,0.161,0.101,0.4779133014669523,0.0465,0.953,69.226,0.0651,0.0396,3
The Girl With the Flesh Colored Crayon,Aix Em Klemm,2RWxRXIiwbcKEaplXoplUv,0.0931,0.273,0.716663919564859,0.0365,0.759,74.914,0.0888,0.0422,3
Suiren,Pauline Oliveros,3Q6okpLoq2ZhOzZfBHpmei,0.0631,0.00256,0.0,0.0452,0.977,65.919,0.115,0.0234,3
Be Still,Ex Confusion,5HVHnoZniuyJeO9j3FvTVk,0.148,0.0329,0.4002527333662985,0.0418,0.988,138.405,0.11,0.0567,3
Do While ⌘X,Oval,16fZFSlV2VIDcY77mVtUMI,0.308,0.251,0.6159551672985,0.0599,0.947,77.476,0.0707,0.39,3
Stratus,Kaitlyn Aurelia Smith,7G0celL82dCIDYjUxdPyoG,0.492,0.0696,0.6281522993242129,0.0355,0.94,120.128,0.0635,0.0404,3
A Lake,Emily A. Sprague,3GgSZWI0IFZeOGLTMPPYEp,0.204,0.354,0.7031207076534256,0.0458,0.945,85.497,0.116,0.0373,3
Moments In Love,Kara-Lis Coverdale,2CxBaNFCjYVi0Iv2PpeZDG,0.397,0.0536,0.43901433987143557,0.0297,0.906,72.158,0.0903,0.165,3
Space 1,Nala Sinephro,1WGvKEkU8c3uvqmZpUt5ZL,0.271,0.0744,0.49313224548101753,0.0422,0.968,114.437,0.0574,0.0358,3
Le Jardin De Barbican,Mira Calix,1G1VzFavmUG2CPoIymIWKA,0.253,0.32,0.8488544585462336,0.0553,0.715,81.483,0.65,0.156,3
Gilded,Sarah Davachi,0cSdWJzO18liElNMCAYCig,0.242,0.18,0.6381517499038514,0.0457,0.937,68.985,0.0986,0.0307,3
Pop 1,GAS,3T6hC2yWf0fsUxM7uWXkDn,0.0748,0.041,0.7094115707928135,0.0405,0.924,82.531,0.089,0.426,3
Suite Pour L'invisible,Ana Roxanne,5JTRbD6x9nnYh3mrrK3kcR,0.134,0.0529,0.616724355804626,0.0426,0.837,176.965,0.112,0.0821,3
"Photo With Grey Sky, White Clouds",Jonny Nash,3xLBY0NMWZqdLCYbPqcUb6,0.18,0.000985,0.4892038898961595,0.0474,0.943,72.28,0.0789,0.0381,3
Yanagiwara,Hirotaka Shirotsubaki,6DMhXt5HUOOEW98tAWV0Qm,0.129,0.0707,0.5398329762100983,0.0422,0.921,74.767,0.0976,0.0283,3
Wind On Wind,Robert Fripp,5DiwyUEb7jG8iVOaHYMEgl,0.0673,0.059,0.5019504422833909,0.0438,0.972,70.959,0.0849,0.0331,3
Pop 2,GAS,6XtiBZ34C9R5qvG9VBJBOJ,0.163,0.0588,0.6631503763529476,0.045,0.935,112.848,0.098,0.145,3
The Unquestioned Answer,Laurie Spiegel,5ftgOffbWhT3hYtQXNEPou,0.175,0.00134,0.5015933190484039,0.0512,0.993,67.698,0.101,0.171,3
I Will,Brian McBride,5WGoSnsHY26l4WTWX0L42t,0.109,0.0522,0.6747706169990659,0.0357,0.976,76.376,0.108,0.032,3
Tobiume,Susumu Yokota,4IQWc6rhJwpFrRKBLx27X6,0.241,0.254,0.7520465908466567,0.0416,0.994,139.131,0.0639,0.0378,3
Flown,Julianna Barwick,2VBkmi8P3zfrD5fAADEfIt,0.185,0.17,0.7450140102192186,0.039,0.994,87.839,0.0825,0.0367,3
On the Other Ocean,David Behrman,46UxS78qOWfuMhXEVN3dYb,0.0659,0.0935,0.8153123454755233,0.0433,0.985,72.988,0.0646,0.0354,3
1/1 - Remastered 2004,Brian Eno,3bCmDqflFBHijgJfvtqev5,0.26,0.00397,0.36566672160870284,0.0406,0.982,82.862,0.102,0.0368,3
Variations on a Theme by St-Dipshit,Kyle Bobby Dunn,3Q3ZAHNfjtWSTEUIBuXc1K,0.144,0.0781,0.6039778034173946,0.0414,0.989,71.344,0.0913,0.0305,3
?,Mark Pritchard,15RDpqONY9BUkRzpRtFZf5,0.184,0.0131,0.8045437063897587,0.0472,0.857,143.098,0.111,0.0258,3
Ode to an African Violet,Mort Garson,3Zrlem2yff4LUlcIz6TWvl,0.548,0.184,0.6341959233009175,0.0303,0.478,108.848,0.12,0.233,3
door to the cosmos,Chihei Hatakeyama,6sJlchLIX2krydtTBxsXUU,0.153,0.0145,0.42624031646612814,0.0435,0.995,138.658,0.0806,0.0335,3
Aries,Iasos,33Y2YALzXqMQtBVSDcHOof,0.351,0.242,0.6699082467996264,0.0412,0.9,58.587,0.0984,0.034,3
Dungeoneering,Tim Hecker,2rRrV0syrGGaVbVDHXESs3,0.173,0.656,1.0,0.0511,0.549,73.208,0.158,0.0723,3
View from My Window,Hiroshi Yoshimura,4KrsGAgv8b2982iqaokrO0,0.297,0.00705,0.5679083566836987,0.0444,0.99,66.198,0.0877,0.0863,3
Lizard Point - Remastered 2004,Brian Eno,3an5DoMqoNpJEQwfA48A4c,0.136,0.0108,0.23218504477775936,0.0343,0.897,88.529,0.147,0.0312,3
Don't Bother They're Here,Stars Of The Lid,477naywDON3t1iAF4COlOV,0.109,0.00822,0.43901433987143557,0.0529,0.942,75.629,0.129,0.0321,3
Track3a (2waynice),Keith Fullerton Whitman,0jV5pkyZByn7pV12Rzbtuu,0.294,2.03e-05,0.32965221691115876,0.0927,0.99,69.153,0.0817,0.812,3
#20,Aphex Twin,5IExVHUiRccCWyJ4imu9qD,0.142,0.042,0.49351683973408056,0.0432,0.971,141.164,0.052,0.0427,3
The Point of It All,Fennesz,7L91TzFocp9ridztsLLAsH,0.204,0.331,0.7870721388934674,0.0385,0.848,86.632,0.148,0.0503,3
Lights On Water,Pan-American,7JcGySsJWYeAxESN63zowD,0.156,0.0945,0.6049118180319762,0.0435,0.832,65.687,0.0974,0.0657,3
Piano Aquieu,Stars Of The Lid,3sLgMuBTIEp761Zi7bl5im,0.115,0.0015,0.18891819130816967,0.0471,0.981,67.35,0.0945,0.0344,3
Moon Is Sharp,Grouper,16CMp2RKshLATGZnpjPPgB,0.177,0.237,0.6504862370199439,0.0395,0.99,66.603,0.112,0.144,3
Triennale,Brian Eno,1TpfK6G0X5muasT0eQsipa,0.211,0.108,0.7442448217130926,0.042,0.468,79.025,0.321,0.0444,3
Goes By,Emeralds,6aoYsC8vQmVBQQoE1OOC7d,0.184,0.568,0.902422943794297,0.0412,0.832,80.273,0.108,0.128,3
Atomos VII,A Winged Victory for the Sullen,1NO5mFfik5T0LLsoiJsbE7,0.109,0.035,0.5320586780946102,0.0437,0.884,85.301,0.0996,0.0228,3
Treefingers,Radiohead,4LrfsgQ5AGouvH3PlxW2PC,0.165,0.146,0.6331794956321081,0.0362,0.827,134.508,0.109,0.0577,3
Dawn Chorus,Jon Hopkins,6a06vmzIppjBTTdVrx8t5D,0.286,0.0922,0.5006593044338222,0.0344,0.957,85.4,0.109,0.0621,3
Essence,Laraaji,4hBHEKTKdpGtP1AzsjNR8l,0.134,0.0424,0.6072743255865062,0.0448,0.976,70.991,0.0581,0.0321,3
Fib01a,Keith Fullerton Whitman,4IJCUAfJub0AmmN15YJwmQ,0.141,0.149,0.4449480797758365,0.0337,0.963,82.412,0.0953,0.0376,3
Dissolving Clouds,Biosphere,2IB1P4oT2EHRFJA5O7eRnC,0.0644,0.0463,0.40374155266194156,0.044,0.987,74.571,0.111,0.0289,3
Space 11 (Invisible Pages Over),Max Richter,786FgaRDsjLgvViIu30sam,0.139,0.0895,0.44316246360090095,0.043,0.875,142.191,0.0638,0.033,3
Water Memory 1,Emily A. Sprague,7x1ct7s9fVqkIWwbah9NO1,0.0657,0.0608,0.4323114114609087,0.0422,0.972,66.706,0.107,0.0699,3
Jimmy V,Mary Lattimore,4tm5s2BzVorHwmxTbnhM3i,0.334,0.0917,0.764875556288116,0.0448,0.991,76.123,0.12,0.0395,3
A Sea Of Love,Huerco S.,7feFMZxaNV6km5QZAXYyv0,0.141,0.116,0.4309653315751881,0.041,0.848,102.494,0.107,0.125,3
unother,Terekke,363mTP8zzRAr36wlbcdHRP,0.245,0.0862,0.38739629690676336,0.0422,0.994,69.895,0.092,0.039,3
FEET,Hiroshi Yoshimura,2XBXn7yluQZ6bFReesUjrt,0.285,0.00426,0.3789626943574528,0.0397,0.991,121.487,0.0764,0.0896,3
Overture (For Other Halfs),Brian McBride,1F7vUCER63VfNzvZKTi2pn,0.14,0.031,0.4504972254271742,0.0457,0.948,140.076,0.11,0.0351,3
Mt Baker,Kaitlyn Aurelia Smith,2NdOUAfOeIBFiSthmCK2GP,0.42,0.259,0.7875391462007582,0.0462,0.938,119.96,0.103,0.0525,3
TWTGA,Bing & Ruth,4ljALrblJ6OyrXFH0PzXwK,0.194,0.086,0.3777814405801878,0.0445,0.981,68.439,0.119,0.104,3
Unreal,Lawrence Lek,3liR99bvHUIbDZv1bWKJNd,0.486,0.351,0.7402615240920828,0.0309,0.821,119.957,0.0814,0.0822,3
Sad Ocean,Chihei Hatakeyama,1yC5ZxdbyrwZrcPaBPtm4Y,0.111,0.0174,0.42934454150870827,0.0496,0.984,66.816,0.0976,0.0336,3
Complex Heaven,Brian Eno,5EhvDAos2Ppf82XN5EV60u,0.191,0.0773,0.5578814350859843,0.0389,0.934,180.056,0.0778,0.0382,3
Diamond Cove (And Its Children Were Watching),Kyle Bobby Dunn,0beY6Xl0qbQX3t9kOXOI8r,0.214,0.00412,0.24045382121861436,0.0453,0.996,70.594,0.108,0.0314,3
Intransigence,Hakobune,4eMOIEdYGXThAxGb7SdNZd,0.143,0.197,0.5078841821877919,0.0391,0.798,86.439,0.128,0.0455,3
"Analog Paralysis, 1978",Tim Hecker,3guEVTjNJHoR5D7GJRZMs5,0.0885,0.175,0.7059776935333223,0.0316,0.752,70.198,0.111,0.0766,3
Russian Snow,Lucette Bourdin,74DxOVwXdBdn1rrfK8SFCU,0.189,0.0601,0.48667655623317396,0.0424,0.969,141.113,0.0975,0.0347,3
Introspection,Laraaji,2dUStnVW2074l0kDgyaOXi,0.0781,0.163,0.6176034283830558,0.0364,0.953,69.634,0.0866,0.0377,3
Stave Peak,Loscil,1Y315hvTFn1VMon294Tn7y,0.0722,0.0745,0.4378056150760946,0.0361,0.936,72.547,0.113,0.0322,3
Angle of List,Loscil,6lgDvkxcWNnCefaT2qeJPf,0.136,0.00215,0.29621998791275206,0.0455,0.925,67.749,0.095,0.0343,3
Poa Alpina,Biosphere,4K4kedXFAuW6gn8iwgGFTw,0.219,0.0304,0.2528981924070105,0.0375,0.909,130.244,0.149,0.114,3
Yulquen,Autechre,3PGYnbU4HJDUw01PrME2pz,0.417,0.111,0.3547881984506346,0.0409,0.826,148.094,0.111,0.555,3
Late October - 2005 Digital Remaster,Harold Budd,2Ef5Vgw0ShuKGoNfO6Nrof,0.207,0.00769,0.3174550848854457,0.0431,0.995,122.714,0.321,0.0456,3
4:14,Global Communication,5snT0KvkN7Ty0oiVyxZMfE,0.34,0.26,0.6971045546947969,0.0352,0.933,148.083,0.675,0.0372,3
Submersible,Oneohtrix Point Never,157hM4Kifc9ZeVR3IxOmKh,0.164,0.382,0.8427284215153013,0.0546,0.882,113.938,0.375,0.0362,3
Harmony in Blue III,Tim Hecker,7h1Vds2ETEav7wNP0xtSDg,0.139,0.271,0.5453546508433602,0.0624,0.589,72.603,0.203,0.0521,3
Wisdom Eye,Alice Coltrane,0XLH43dcYq2pOe7COx8gPT,0.351,0.0225,0.3846217240810944,0.0423,0.981,80.9,0.082,0.0994,3
Island No. 1,Arooj Aftab,0RcYcNvHFFLkMb9F0Dku5c,0.141,0.289,0.5690071974067358,0.045,0.985,101.69,0.091,0.0724,3
Astrosat,Applefish,4e64RbgVywOCPpXv5vswj2,0.167,0.116,0.49068732487225974,0.0469,0.656,88.143,0.112,0.0668,3
Undercurrent,Windy & Carl,6Qyy9fqDBBZyl90snerjl0,0.0862,0.222,0.6457062798747321,0.0441,0.893,202.983,0.11,0.109,3
Andromeda,Applefish,5URyPQ8YrT1Ne2vKP2pqO5,0.214,0.158,0.693533322344926,0.0431,0.949,71.436,0.112,0.0365,3
Music for 18 Musicians: Pulses,Steve Reich,3TBO0QhrrrOiAZIzRlTUfQ,0.552,0.362,0.5899126421625185,0.0557,0.975,109.662,0.0883,0.428,3
Foil,Autechre,07C2MiIIwVUEqcnwXpHO67,0.501,0.365,0.7855337618812153,0.107,0.685,124.066,0.129,0.158,3
Rasch Und Mäßig Bewegt,Asmus Tietchens,1BhNdKPskUFQVELGgqaHIH,0.0897,0.383,0.48013845393110266,0.0339,0.961,174.136,0.348,0.207,3
A Rainbow in the Curved Air - Instrumental,Terry Riley,0aGvcIUEdMq9PelZIGJOBU,0.197,0.422,0.7404263502005384,0.0505,0.672,172.806,0.128,0.131,3
Illusion Of Time - Teodor Wolgers Rework,Daniel Avery,6uZ7HlryD5c0IU65ANbaj2,0.293,0.229,0.7385583209713751,0.0333,0.994,111.949,0.0758,0.0952,3
Plateau,The Orb,3B4lp8GZOzyvpNePkbL7ga,0.217,0.636,0.820861491126861,0.0607,0.0147,81.601,0.303,0.0732,3
Freeze,Klaus Schulze,5mHtUWgWPJ2Oi2440y0XCi,0.576,0.191,0.8313004779957145,0.0321,0.745,95.133,0.116,0.0571,3
Forest Trails,Windy & Carl,2Gvy4DbDM6NQ5rUJDljXz4,0.137,0.209,0.7761386736992473,0.0338,0.875,141.532,0.219,0.0221,3
Hyperborea,Biosphere,1Sw8rWRv7yASSHcGgOPKR0,0.314,0.124,0.5238448436899071,0.0514,0.677,126.094,0.0864,0.125,3
Saku,Susumu Yokota,78WANNBMEK80nVGTWFGXyg,0.39,0.155,0.7253722322949288,0.0335,0.814,118.492,0.116,0.122,3
Introspection (Edit),Laraaji,5JVtVJFun3pgNdDlUQlkOm,0.102,0.125,0.6213944288775342,0.0329,0.941,79.609,0.0699,0.0341,3
Quest,Brian Hodgson,4flhWFm1w51Rm3dwQneAyW,0.677,0.316,0.8002582275699137,0.0455,0.813,129.383,0.0752,0.232,3
A Delicate Romance,John Foxx,1EKcXCqix2v6qb6rj2m5Ty,0.141,0.0157,0.2889951101587823,0.0396,0.984,141.339,0.111,0.0324,3
Beethoven 250,A Winged Victory for the Sullen,3dwKY7kbnRKhohvSTftdUw,0.129,0.245,0.6060930718092412,0.04,0.858,93.596,0.0625,0.0352,3
dlp 1.1,William Basinski,31FiS1jMI38kYfC8ey358W,0.28,0.0816,0.34899181363661325,0.0406,0.973,95.38,0.105,0.0669,3
Olancha Farewell,Harold Budd,4KyJQKAFvEH4F52qSMuwIF,0.196,0.00687,0.27885830448876425,0.0442,0.992,72.125,0.106,0.053,3
Black White Felt,Roedelius,5n1HBXOeeKzEfdlEMJ6Tmm,0.0643,0.0704,0.5426350200538432,0.039,0.654,65.582,0.0886,0.0674,3
Delta Rain Dream,Jon Hassell,1mMMpiuaPQe9I6RIqtFWql,0.497,0.537,0.5642547112796,0.0487,0.924,80.002,0.104,0.146,3
Ferrum,Chihei Hatakeyama,0s5x2cr3VyJYez1W8SKXC0,0.23,0.168,0.597577056205703,0.0481,0.988,135.059,0.0967,0.0908,3
Block me out,Gracie Abrams,7AX1eCw6qcX54PrDylynJr,0.636,0.527,0.8110039113428944,0.0414,0.771,127.999,0.126,0.222,4
everyone at this party,Camila Cabello,43klOCoUcqtkNWCqQQvh9W,0.545,0.137,0.42868318122555404,0.0421,0.782,155.179,0.125,0.621,4
never knew a heart could break itself,Zach Hood,4d2ZJ9W7dkQuITwUCTuD5n,0.579,0.454,0.821851368970013,0.0427,0.465,78.949,0.0997,0.461,4
I Burned LA Down,Noah Cyrus,34Mg7rSCT7nRsf1kVCAvgz,0.666,0.547,0.7466492829204694,0.0643,0.145,117.991,0.0987,0.165,4
chaotic,Tate McRae,2bdqU7C4softKNcMYDFi96,0.412,0.382,0.834419817470665,0.0497,0.59,81.493,0.0931,0.318,4
rx,ROLE MODEL,273h36reiuZ6Q92u4cmfID,0.444,0.121,0.411264667535854,0.0393,0.747,141.304,0.143,0.338,4
Pain,Nessa Barrett,1vwTCUJxmGlTuClU5YLfJA,0.469,0.11,0.43024771838331166,0.0423,0.602,119.745,0.102,0.103,4
Goodnight,Lennon Stella,69jstgacdd40OwG9cLl45r,0.484,0.346,0.6561668839634941,0.0371,0.603,79.972,0.204,0.0974,4
When You Look At Me,Sara Kays,0KGeOj6DJXfCMGkLYiz4fB,0.641,0.293,0.6420860495436767,0.0291,0.836,129.849,0.217,0.373,4
Never Had a Chance,Katherine Li,7kWHoZvIn3TzxUHYrszYFc,0.685,0.57,0.9146284224250325,0.0303,0.624,110.512,0.125,0.438,4
heartbreak honeymoon,Mad Tsai,58QZNN5P9UC8moU8mWVzNy,0.376,0.524,0.8354106910039114,0.0437,0.224,160.378,0.105,0.439,4
Older,Sasha Alex Sloan,3kywzyEr7V106Un5cDyh12,0.628,0.298,0.7032073011734028,0.0713,0.732,63.762,0.116,0.166,4
i tried,Camylio,37EQsOkuUxhqV1yJcPC1TY,0.567,0.468,0.6984615384615385,0.107,0.721,139.922,0.13,0.238,4
Strange,Celeste,7sq2z9oX2S0CvgTqCZ0ko4,0.286,0.0847,0.6852672750977836,0.0397,0.934,70.743,0.121,0.112,4
wish i loved you in the 90s,Tate McRae,2wkIdVB8HsWyMur3Q4shlZ,0.435,0.481,0.7424250325945241,0.0327,0.871,77.398,0.136,0.38,4
Lonely (with benny blanco),Justin Bieber,7HWetAoWK9qkFM575HONAY,0.631,0.226,0.8222164276401565,0.0396,0.879,79.968,0.115,0.0765,4
Remember me Happy,Alex Warren,6LmgJRJKksk4FlSWBBLWpw,0.561,0.36,0.7694915254237288,0.0421,0.851,86.278,0.122,0.503,4
Make It To Me,Sam Smith,2uCMaUojwuqr8CRGsLoPa6,0.456,0.379,0.7535853976531942,0.0685,0.63,149.967,0.0983,0.225,4
What I Put You Through,Conor Maynard,4JCcXmANxb48z3WTeUHiJp,0.497,0.293,0.8063102998696219,0.0287,0.871,138.727,0.0862,0.264,4
Easy On Me,Adele,0gplL1WMoJ6iYaPgMCL0gX,0.604,0.366,0.8085528031290743,0.0282,0.578,141.981,0.133,0.13,4
"the older you get, the less you cry",LANY,280MV4FuB5uusjx8wj1dpt,0.547,0.703,0.8728031290743155,0.0278,0.0776,75.009,0.1,0.385,4
Visiting Hours,Ed Sheeran,44V6EzbUSYgyfsNiP0FrlA,0.471,0.396,0.8536636245110821,0.0336,0.77,149.609,0.0729,0.263,4
london (with Cam),Wrabel,47EMbOhi8EB7FjLm2OQDln,0.541,0.494,0.8001564537157757,0.0401,0.59,83.835,0.132,0.212,4
drivers license,Olivia Rodrigo,7lPN2DXiMsVn7XUKtOW1CS,0.585,0.436,0.743780964797914,0.0601,0.721,143.874,0.105,0.132,4
Love Is Gone - Acoustic,SLANDER,7F1CiKqrY44kh5cDqwHOnx,0.541,0.153,0.6450586701434159,0.0303,0.882,139.644,0.16,0.359,4
All Too Well (10 Minute Version) (Taylor's Version) (From The Vault),Taylor Swift,5enxwA8aAbwZbf5qCHORXi,0.631,0.518,0.7432594524119948,0.0303,0.274,93.023,0.088,0.205,4
To Be Loved,Adele,10ImcQk9tihY1EKMDIbvXJ,0.356,0.176,0.7682920469361147,0.0391,0.843,170.425,0.231,0.289,4
Lose You To Love Me,Selena Gomez,1HfMVBKM75vxSfsQ5VefZ5,0.505,0.34,0.7310560625814863,0.0438,0.576,101.993,0.21,0.0916,4
Memory Lane,Haley Joelle,1KMEDSIl2j1NwYa9mgvMyg,0.488,0.103,0.5743937418513689,0.0522,0.933,120.141,0.107,0.326,4
do all my friends hate me?,Mckenna Grace,2VgE8fT65dU0FgyA4z5nqN,0.416,0.417,0.8392177314211212,0.0311,0.766,113.661,0.0834,0.174,4
July,Noah Cyrus,5a6pdCHlWS2ekOOQ70QnAr,0.708,0.186,0.733767926988266,0.0422,0.868,72.541,0.0779,0.321,4
Train Wreck,James Arthur,55Am8neGJkdj2ADaM3aw5H,0.311,0.485,0.9020599739243806,0.0365,0.701,77.355,0.0726,0.225,4
The Gold - Phoebe Bridgers Version,Manchester Orchestra,7qcXUzPwoxSBFxjTbNrV0B,0.299,0.399,0.5656844850065189,0.0376,0.816,158.253,0.147,0.302,4
Brave Face,Haley Joelle,4yB1s08jEfpRMb0K07qCE9,0.484,0.136,0.6490221642764016,0.0327,0.889,90.205,0.134,0.3,4
champagne problems,Taylor Swift,0sY6ZUTh4yoctD8VIXz339,0.462,0.24,0.5708474576271186,0.0377,0.92,171.319,0.113,0.32,4
better off without me,Matt Hansen,1Ip5p31SowqjJLo2ss1afJ,0.62,0.468,0.809960886571056,0.04,0.619,149.855,0.322,0.646,4
Never Be Me,Miley Cyrus,1M7qLcfozANPcMKfgMEHOt,0.475,0.565,0.7911342894393742,0.0378,0.0578,165.091,0.341,0.154,4
Let Me Down Slowly,Alec Benjamin,2qxmye6gAegTMjLKEBoR3d,0.652,0.557,0.9026857887874837,0.0318,0.74,150.073,0.124,0.483,4
Broken,Jonah Kagen,0FerZPepEX2Q1UaVeMOlMx,0.504,0.352,0.5753846153846154,0.0615,0.518,83.259,0.105,0.229,4
South Dakota,JORDY,2s3CzgeeA7NpLP87ZDbmC8,0.679,0.332,0.7653194263363754,0.0424,0.691,130.013,0.372,0.675,4
Hurtless,Dean Lewis,6HJizCbaqaEQG1eLjn341Z,0.37,0.559,0.9092046936114733,0.0526,0.186,162.816,0.121,0.316,4
What A Time (feat. Niall Horan),Julia Michaels,5WtfUKzXircvW8l5aaVZWT,0.516,0.467,0.8781747066492829,0.0302,0.662,132.861,0.0853,0.386,4
I Fall Apart,Post Malone,75ZvA4QfFiZvzhj2xkaWAh,0.556,0.538,0.9186440677966101,0.0382,0.0689,143.95,0.196,0.291,4
you were good to me,Jeremy Zucker,6tNgjrWXWHx2zR52Q6qCLG,0.46,0.0834,0.4134550195567145,0.0433,0.909,98.329,0.112,0.21,4
Place In Me,Luke Hemmings,5uRv6CmkhdNoirnHEhqLPU,0.274,0.345,0.8504823989569752,0.0309,0.865,68.639,0.12,0.218,4
Gone,Blake Rose,6sHxpnCerm9M6A5zaFFNfs,0.317,0.545,0.8648761408083442,0.0469,0.039,139.014,0.116,0.14,4
Walked Through Hell,Anson Seabra,6c7N5N7amAOpeMykjlovjI,0.508,0.404,0.6222164276401564,0.0788,0.664,81.713,0.104,0.129,4
i looked into your eyes,Sky McCreery,0CwLue2qwkPcQpovNGNtVx,0.475,0.0989,0.7026336375488917,0.0474,0.853,133.713,0.271,0.3,4
SLOW DANCING IN THE DARK,Joji,0UyljEbX9dqI1K0sqdv6B6,0.515,0.479,0.8117340286831811,0.0261,0.544,88.964,0.191,0.284,4
By Now,Fia Moon,04FvHQz6oc5RKmM6jcUrSU,0.446,0.285,0.6765058670143416,0.029,0.786,130.145,0.111,0.2,4
if depression gets the best of me,Zevia,1UHATOi2uLeTk3UHKBwR30,0.51,0.184,0.40312907431551503,0.0577,0.882,119.791,0.111,0.217,4
Keep Hoping,Tayler Buono,4RhK5GQfBDhrJfkHImoBS0,0.568,0.492,0.7848239895697522,0.0356,0.187,99.966,0.206,0.128,4
Single in September - Acoustic,Zolita,4Q0HFo67Jq6ySobJooMpOJ,0.487,0.29,0.7608865710560626,0.0279,0.692,144.893,0.0869,0.359,4
The Night You Left,Ashley Kutcher,5lLg6681ubB6onQvgtcI4k,0.307,0.521,0.7620860495436766,0.0848,0.397,83.155,0.123,0.39,4
Keep Your Head Up Princess,Anson Seabra,19pChrR4hwdINqoOFUo2Hj,0.689,0.143,0.2946023468057367,0.264,0.97,85.398,0.109,0.528,4
(Wish I Didn't Have to) Lie [feat. JORDY],Catie Turner,0HXEPlkF9FrfuuDBCbsEAO,0.506,0.281,0.7558279009126467,0.0347,0.819,89.814,0.0904,0.279,4
Is It Just Me? (feat. JP Cooper),Emily Burns,1vSzDndzFVbHWl77uKOhhy,0.478,0.339,0.8171056062581485,0.0544,0.688,145.441,0.104,0.288,4
uptome,clear eyes,40u74BxSHoLiMFJWjlRpXJ,0.347,0.399,0.5096740547588006,0.0663,0.67,168.085,0.151,0.0886,4
Unstable (feat. The Kid LAROI),Justin Bieber,137mSruegm1u6x9NvwiagR,0.495,0.333,0.6734810951760104,0.0288,0.737,99.757,0.112,0.37,4
Remember That Night?,Sara Kays,1nYzjrdVQ8RpF93M0jPFW7,0.679,0.61,0.6303520208604955,0.0305,0.585,123.978,0.156,0.554,4
Here's Your Perfect,Jamie Miller,7ranmtPVs7Ckg2WLHO2L0m,0.558,0.454,0.92245110821382,0.0551,0.499,113.12,0.146,0.424,4
feel like shit,Tate McRae,2EBnvom1dTybtm75a3Xh1T,0.508,0.378,0.8273794002607562,0.0473,0.516,144.962,0.119,0.161,4
Turbulence,Jonah Kagen,2Xc7OQIxS4Hn9p0DnLpUb2,0.526,0.311,0.6071968709256844,0.0302,0.776,88.088,0.1,0.485,4
Hurt Again,Jillian Rossi,3gdiyrJ3d1FGnYnCrVKwph,0.638,0.564,0.8942372881355931,0.0374,0.123,96.08,0.0811,0.109,4
The Way You Felt,Alec Benjamin,6XdHZr9iXdqc4Q76wtgbqr,0.872,0.52,0.839374185136897,0.0618,0.715,131.918,0.0982,0.736,4
Astronomy,Conan Gray,0KmgJyW4GDgonqsoyx0CZ3,0.471,0.335,0.7434680573663625,0.0273,0.593,145.252,0.297,0.111,4
tired of me,Karina Grace,3ohXJ2Ti6Rl8pGKYmSmZXT,0.457,0.123,0.28761408083441986,0.0375,0.926,167.772,0.172,0.206,4
Moral of the Story,Ashe,2nC3QhMI9reBIOWutbU3Tj,0.572,0.406,0.7509256844850065,0.0427,0.587,119.812,0.102,0.265,4
all i need (the distance song),Avery Lynch,3yCIo7ZKtF2f485ujwbvoB,0.651,0.119,0.3360104302477185,0.04,0.976,97.061,0.163,0.376,4
Set Me Free,Joshua Bassett,3AMQKTsIR0ukMOXvPkwaKz,0.449,0.39,0.7697522816166884,0.0363,0.256,130.11,0.147,0.123,4
Heather,Conan Gray,4xqrdfXkTW4T0RauPLv3WA,0.357,0.425,0.8199217731421121,0.0333,0.584,102.078,0.322,0.27,4
Hold Me While You Wait,Lewis Capaldi,6700Z4Izi8EbB6JNthU6Ma,0.688,0.53,0.9134810951760104,0.0333,0.443,106.958,0.0995,0.162,4
Like All My Friends,Francis Karel,70Vjb8pcNJT2HVfDLC2MJo,0.531,0.401,0.7634419817470665,0.0302,0.466,106.178,0.0923,0.208,4
Falling,Harry Styles,1ZMiCix7XSAbfAJlEZWMCp,0.567,0.267,0.8615906127770534,0.0299,0.839,110.011,0.089,0.0592,4
listen before i go,Billie Eilish,0tMSssfxAL2oV8Vri0mFHE,0.319,0.0561,0.0,0.045,0.935,79.764,0.388,0.082,4
hurt so bad,Cian Ducrot,5c1gKtJkR8dPjki25BU7Qz,0.461,0.452,0.8601825293350717,0.0366,0.337,168.074,0.269,0.282,4
Beautiful Things,Brynn Elliott,1JspnLoGGVZt3C3kLy7Dhd,0.725,0.403,0.645580182529335,0.0292,0.775,119.971,0.122,0.413,4
LET THE GRASS GROW,Ruel,2BN5ZMErVAhbEroB99b3no,0.598,0.426,0.801251629726206,0.0354,0.553,119.922,0.318,0.292,4
Cry with you,Jeremy Zucker,0hqJxaNkPQ3sPm1tvfPlAe,0.51,0.307,0.6832855280312907,0.101,0.321,159.794,0.174,0.356,4
my tears ricochet,Taylor Swift,5P2bHCDM2tsgIaYWsZMhu5,0.456,0.265,0.6445893089960887,0.0328,0.814,129.947,0.0679,0.112,4
i love you,Billie Eilish,6CcJMwBtXByIz4zQLzFkKc,0.421,0.131,0.23926988265971327,0.0382,0.952,137.446,0.109,0.12,4
My Person,Tayler Buono,0a3oURCG3s5cpAPNcdDm6e,0.504,0.596,0.7963494132985658,0.384,0.599,143.818,0.376,0.215,4
"if you hate me, say it",Cassidi,5fY07Uq0bLdEKIolWaNjpO,0.608,0.224,0.6910039113428944,0.0287,0.303,102.092,0.117,0.203,4
It'll Be Okay,Shawn Mendes,2KnLkZ3z7PO3kgVGHGqDpD,0.398,0.286,0.5810691003911342,0.033,0.616,78.262,0.0912,0.0666,4
3 Moods,Abe Parker,3n9ok4Eyi26VSubDdVLA1E,0.466,0.447,0.7190091264667535,0.266,0.823,83.626,0.12,0.192,4
Dumb Love,Mimi Webb,2Ms8MDDtYBw7M3K5F3EqPX,0.569,0.422,0.8952803129074316,0.0302,0.0296,76.96,0.0613,0.175,4
When You Lose Someone,Nina Nesbitt,3ECh9S9MgoL9SrpZFh0Y5Z,0.527,0.415,0.9533246414602347,0.0303,0.264,130.005,0.093,0.341,4
Cry Over Boys,Alexander 23,1d9Ve8caYURgqYEVuEHMww,0.855,0.254,0.4939765319426337,0.0664,0.837,118.006,0.527,0.378,4
i think i wanna text u,vaultboy,4hH46xhExjwEGfuWFgnOc3,0.454,0.419,0.7217209908735333,0.0352,0.179,76.925,0.132,0.224,4
I Lost a Friend,FINNEAS,49MMefftWPcltNP4OOJGSs,0.453,0.209,0.5791916558018253,0.223,0.587,169.316,0.119,0.216,4
GHOST TOWN,Benson Boone,135Lf4Q0CzlMNfOxbEUsLH,0.391,0.335,0.6758279009126467,0.0763,0.389,174.185,0.102,0.116,4
you broke me first,Tate McRae,45bE4HXI0AwGZXfZtMp8JR,0.667,0.373,0.7110299869621903,0.05,0.785,124.148,0.0906,0.0823,4
What Did I Do?,Hayd,3olUFMwgASQGeXrlm4g6OH,0.586,0.279,0.5815906127770535,0.0331,0.795,142.016,0.11,0.202,4
right where you left me - bonus track,Taylor Swift,3zwMVvkBe2qIKDObWgXw4N,0.581,0.619,0.8604432855280313,0.0282,0.769,137.915,0.117,0.645,4
Baby Blue,Luke Hemmings,4FSIfpGQEdJsLXIbufqvOo,0.54,0.82,1.0,0.0437,0.188,123.991,0.0724,0.465,4
Panic Attacks in Paradise,Ashnikko,13gqe2AjtaPexcBoqA10IX,0.695,0.386,0.9339765319426336,0.0337,0.554,127.947,0.0906,0.214,4
i can't breathe,Bea Miller,1qFMIjTe9esCDiytqUY19t,0.347,0.209,0.6190873533246415,0.0273,0.893,82.878,0.138,0.0735,4
when the party's over,Billie Eilish,14JzyD6FlBD5z0wV5P07YI,0.498,0.104,0.46638852672750974,0.0621,0.979,124.001,0.0895,0.205,4
We Didn't Even Date,Katherine Li,1rgfx42ulEgGoTplX7izIK,0.513,0.251,0.6910039113428944,0.039,0.839,139.153,0.124,0.148,4
Stayed Strangers,Abigail Barlow,5fHc27dNyLvzXStTjbONxm,0.687,0.0961,0.49340286831812263,0.0494,0.87,103.498,0.103,0.251,4
Best Days,Alessia Cara,3z1DnGBH2uhlDekJr0YVzQ,0.518,0.318,0.5891003911342895,0.0749,0.875,77.594,0.13,0.227,4
Back to Friends,Lauren Spencer-Smith,2Obwg8XE4sWXLpJSDlxn1r,0.749,0.319,0.6819817470664928,0.0771,0.82,116.828,0.0993,0.216,4
Hold Me Like You Used To,Zoe Wees,7eEcVUDXfIaZPq4kwhPIML,0.573,0.59,0.8717079530638853,0.0352,0.528,124.958,0.192,0.177,4
Grey,Why Don't We,2J4DpqJCIuuM9WjtWHbjvd,0.298,0.295,0.7423207301173402,0.0318,0.869,171.361,0.111,0.199,4
right?,emlyn,5EgoEtJ6hFLUTEnCvq0roJ,0.609,0.435,0.7742372881355932,0.072,0.537,149.83,0.0793,0.326,4
Love You From a Distance,Ashley Kutcher,7y8Qy4I0VWGMEbZvZ0C9x7,0.333,0.538,0.7494132985658408,0.0325,0.557,149.377,0.0977,0.63,4
10 Summers,Ashley Singh,4QKiy0xETxTVnf8kNpsreo,0.759,0.397,0.7958279009126467,0.0355,0.913,119.967,0.29,0.504,4
Magazines,slimdan,5WBJ8Cds7nAFH6olYdHbqY,0.621,0.146,0.5213559322033898,0.0377,0.898,133.963,0.361,0.492,4
London Is Lonely,Holly Humberstone,5dXiKFepHXZktud7z5635H,0.482,0.43,0.8239374185136896,0.0481,0.763,143.23,0.344,0.113,4
Break My Heart Again,Danielle Bradbery,0iVbEBizaS8X9RW1MLzKB8,0.572,0.406,0.759374185136897,0.032,0.641,81.768,0.107,0.35,4
Fat Funny Friend (sadder),Maddie Zahm,21O2UVKExn54RKWfk1xF4E,0.542,0.224,0.7464928292046936,0.0475,0.962,105.085,0.101,0.526,4
echo - acoustic,Alexander Stewart,7LB11knvxUwv6CAMRu42Dz,0.599,0.361,0.7578096479791394,0.0353,0.831,116.126,0.108,0.343,4
Fingers Crossed,Lauren Spencer-Smith,5S9Zs5g9lTWnLIboN1pdlU,0.603,0.473,0.8236245110821381,0.0511,0.616,109.494,0.31,0.446,4
Devil On My Shoulder,Chelsea Cutler,1jLUaPGjk5zwV9kXUt4Jt1,0.661,0.323,0.7011212516297262,0.0412,0.649,129.955,0.193,0.372,4
unbreak,Camylio,64QMCHiZCgKIq29dHhMScU,0.629,0.512,0.8176271186440678,0.0767,0.109,130.207,0.0974,0.118,4
Missing You Sucks,Clara Mae,57zslQlwkYyVqErssPWDvA,0.336,0.516,0.8483441981747066,0.069,0.596,179.849,0.0871,0.38,4
I GUESS I'M IN LOVE,Clinton Kane,1is8gU4RVcN4J8xItxWoOY,0.422,0.34,0.8576792698826596,0.0351,0.877,77.213,0.149,0.223,4
Heartbreak Anniversary,Giveon,3FAJ6O0NOHQV8Mc5Ri6ENp,0.449,0.465,0.7331942633637549,0.0791,0.524,89.087,0.303,0.543,4
Next Time,JESSIA,3HQrxN0bBKxWIKRmgjUq06,0.58,0.303,0.7521251629726206,0.0514,0.848,135.408,0.102,0.322,4
Let Somebody Go,Coldplay,4cGqn0E8JCSY9gQllQj4Mf,0.592,0.342,0.7349674054758801,0.0339,0.193,130.953,0.11,0.155,4
All Too Well (Sad Girl Autumn Version) - Recorded at Long Pond Studios,Taylor Swift,1n3b9Eekoy3S9ZSZ5DmTW1,0.585,0.286,0.6727509778357236,0.0312,0.838,93.009,0.115,0.189,4
Go,Cat Burns,4VtRHZ4tBDHaWltVAytlLY,0.663,0.251,0.6859452411994785,0.0435,0.88,90.272,0.0932,0.528,4
Never the 1,ROSIE,6xyOZrXp6UGOFa30jewqIV,0.483,0.27,0.579973924380704,0.266,0.906,78.49,0.12,0.33,4
I Lost Myself In Loving You,Jamie Miller,2ySPkHH3mHCP3r3T040M5V,0.456,0.615,0.916245110821382,0.0529,0.614,78.461,0.0908,0.416,4
When It Ends,Avery Lynch,2956I0IdLAutaSEmwhSPii,0.51,0.261,0.7488396349413299,0.0421,0.897,115.76,0.103,0.237,4
It's You,Ali Gatie,6moU77g9RQyMzHNuKEaQKq,0.732,0.463,0.8370795306388527,0.0287,0.374,95.971,0.194,0.397,4
Two Week Notice,Leanna Firestone,4Dv0LIwnRPMPCgKJEwEG3c,0.456,0.311,0.5774706649282921,0.09,0.925,185.544,0.111,0.462,4
Fix It to Break It,Clinton Kane,1uviKYHZuM4uINK33F7sCt,0.493,0.461,0.7561408083441983,0.0456,0.845,51.414,0.115,0.35,4
"life, im over you",Zevia,5RQwYJPOkEnl38hFVrylP3,0.52,0.32,0.5604172099087353,0.12,0.829,113.706,0.104,0.171,4
All Our Friends Are Splitting Up,Katelyn Tarver,1uwZ46SjGjrVaZOdR3zYUF,0.695,0.345,0.6818252933507171,0.0566,0.818,105.874,0.104,0.231,4
How Do You Dress for the Rain?,Sam MacPherson,42ZSEXG0TtHAHbWOho7GDS,0.605,0.311,0.569387222946545,0.0813,0.787,149.794,0.113,0.165,4
Talking to the Moon,Bruno Mars,161DnLWsx1i3u1JT05lzqU,0.498,0.59,0.9544719687092568,0.032,0.511,145.867,0.107,0.0784,4
I Guess That Was Goodbye,Lyn Lapid,3mtSPmyeEkkqvHdXj7W4qg,0.492,0.227,0.643754889178618,0.0277,0.772,137.697,0.106,0.229,4
Crying Over You,The Band CAMINO,53bCcVMGv0S2aIYvfju2Tt,0.463,0.411,0.7704302477183833,0.0414,0.679,147.3,0.0453,0.163,4
Nothing New (feat. Phoebe Bridgers) (Taylor’s Version) (From The Vault),Taylor Swift,01K4zKU104LyJ8gMb7227B,0.606,0.377,0.7075880052151238,0.0275,0.817,101.96,0.154,0.446,4
House With No Mirrors,Sasha Alex Sloan,3iPJ039BamX9MIVZQWEnnL,0.72,0.408,0.5892046936114733,0.0498,0.832,121.972,0.0992,0.341,4
Stupid,noelle,42c7aUxtj89o7CxXO6bJo5,0.325,0.394,0.8900651890482398,0.034,0.554,80.639,0.155,0.221,4
People Watching,Conan Gray,4JeOesjcWWlprTAvucDSJX,0.53,0.593,0.8207040417209909,0.0545,0.385,125.723,0.314,0.538,4
Water Fountain,Alec Benjamin,4IhKLu7Vk3j2TLmnFPl6To,0.723,0.504,0.9100912646675359,0.0392,0.388,133.975,0.087,0.551,4
Forget I Exist,Sam MacPherson,54q7FLhWb9FEObFBziNRTq,0.662,0.399,0.7348109517601042,0.0314,0.491,96.05,0.127,0.265,4
Happier Than Ever,Billie Eilish,4RVwu0g32PAqgUiJoXsdF8,0.332,0.225,0.7471186440677966,0.0348,0.767,81.055,0.128,0.297,4
Grew Apart,Logan Mize,73aofsDvxQznhWLfgQ5gBz,0.624,0.64,0.7972881355932203,0.0806,0.0529,88.942,0.119,0.592,4
Better Man (Taylor's Version) (From The Vault),Taylor Swift,1gWRnZ52AK1ZUvpjjTteKf,0.473,0.579,0.8969491525423728,0.0384,0.214,73.942,0.0877,0.255,4
A Little Bit Yours,JP Saxe,00cBcYOlnHoXX9ver3cmdE,0.598,0.295,0.7546284224250326,0.0276,0.735,87.025,0.107,0.314,4
Always Almost,Rosie Darling,35FwQrg7thq6kjrHL01QiJ,0.383,0.372,0.7598435462842243,0.0816,0.722,166.944,0.171,0.325,4
Worst Kind of Hurt,Laura Marano,2TvCQzggZs6tX9HmeXPja2,0.63,0.449,0.7461277705345501,0.054,0.268,124.655,0.102,0.163,4
Love You More,Ashley Kutcher,6yaskcE6j8qsypsSxMSaeL,0.365,0.257,0.6802607561929597,0.0504,0.89,172.171,0.12,0.412,4
Liability,Lorde,6Kkt27YmFyIFrcX3QXFi2o,0.587,0.229,0.613767926988266,0.128,0.92,75.67,0.1,0.379,4
Hostage,Geneviève Racette,1ndqHrik6dcm5ZIu7bZUY0,0.631,0.244,0.607457627118644,0.0323,0.775,143.817,0.0906,0.213,4
Someone Like You,Adele,4kflIGfjdZJW4ot2ioixTB,0.559,0.33,0.7891961631233524,0.0285,0.892,135.109,0.0975,0.285,5
Stay With Me,Sam Smith,5Db9VIdDsN5yu3Eu7CT0i4,0.479,0.419,0.8864643518258821,0.0389,0.568,85.014,0.11,0.186,5
The Heart Wants What It Wants,Selena Gomez,6wJwkMo278iWVlWl1XQ4WA,0.616,0.789,0.9786279239356034,0.0377,0.053,83.066,0.142,0.621,5
Skinny Love,Birdy,4RL77hMWUq35NYnPLXBpih,0.379,0.29,0.7760700061704158,0.051,0.952,166.467,0.118,0.169,5
Hallelujah,Leonard Cohen,7yzbimr8WVyAtBX3Eg6UL9,0.28,0.344,0.5465305435575252,0.0293,0.715,171.143,0.133,0.232,5
Stay,Rihanna,1AoKQqqkNTpmWqW8HKs8oL,0.621,0.31,0.6818870252987043,0.0283,0.945,111.893,0.117,0.125,5
Everybody Hurts,R.E.M.,4tCWWnk3BXinf7FllmSyHW,0.254,0.383,0.8012565210074607,0.0282,0.614,188.2,0.172,0.178,5
Good Woman,Cat Power,4hFRIwvYg46dhI6Fsn87VA,0.236,0.266,0.715936500813373,0.0331,0.888,95.286,0.125,0.103,5
Samson,Regina Spektor,2bbhyUWJ5VjdfI3P4PRLu2,0.49,0.193,0.7166657317552028,0.0421,0.862,89.154,0.113,0.184,5
Breathe Me,Sia,0uCdi39iBbemx1JmkaATNE,0.543,0.636,0.8385033937286139,0.0325,0.0429,120.045,0.111,0.186,5
You Were Mine,The Chicks,2qdVHdkLxKntNjPh3Ssz7s,0.542,0.346,0.8819206821114041,0.0296,0.342,139.856,0.283,0.173,5
Hey Mama,Kanye West,46OFHBw45fNi7QNjSetITR,0.583,0.754,0.8597632804173445,0.223,0.0593,95.784,0.113,0.347,5
A Man / Me / Then Jim,Rilo Kiley,6xVF9Au9LmfDPR9rzJu1kP,0.606,0.543,0.8397935715487743,0.0316,0.799,118.421,0.16,0.624,5
Twilight,Elliott Smith,5E66OVN3EugJ1CcD2YokTP,0.428,0.377,0.5206147977786504,0.0351,0.269,140.998,0.183,0.487,5
The Sound of Silence,Simon & Garfunkel,7eQUgarLukHLkZaO1mxtab,0.531,0.217,0.4732708812475459,0.0302,0.871,106.842,0.101,0.34,5
"Flightless Bird, American Mouth",Iron & Wine,6iWwfN1euztxZi1OK38HbU,0.359,0.391,0.8013687103831267,0.026,0.795,154.66,0.163,0.19,5
This Year's Love,David Gray,1dQOMZz9SkT7ig0w65lQWC,0.33,0.167,0.5993717394962698,0.0311,0.731,164.954,0.101,0.202,5
I Will Remember You,Sarah McLachlan,7fEfH6kqMu1Gjes7yi5BHO,0.383,0.394,0.5929769450833006,0.0292,0.515,151.799,0.978,0.355,5
Lost,Michael Bublé,6vhYDNMZgffPwcdXdvMqCS,0.518,0.354,0.7392718909519269,0.029,0.764,137.749,0.114,0.315,5
Fix You,Coldplay,7LVHVU3tWfcxj5aiPFEW4Q,0.209,0.417,0.7617658607729849,0.0338,0.164,138.178,0.113,0.124,5
Heart,Stars,7EeVWNuGXB8VYYy29xOCRn,0.601,0.642,0.9363886239973076,0.0262,0.011,84.973,0.0459,0.854,5
God Only Knows - Mono / 1997 Remastered,The Beach Boys,6iGU74CwXuT4XVepjc9Emf,0.521,0.487,0.8299209064901554,0.0299,0.253,117.072,0.0579,0.483,5
Crown of Love,Arcade Fire,5WKx4oCpUB1Qglmcgf6D60,0.323,0.66,0.8892129915297022,0.0272,0.0653,103.359,0.279,0.262,5
Say Something,A Great Big World,6Vc5wAMmXdKIAM7WUoEb7N,0.407,0.147,0.7571660963706738,0.0355,0.857,141.284,0.0913,0.0765,5
Gloomy Sunday,Billie Holiday,3gZGAsntB2ijR2dZkiyvmR,0.412,0.0415,0.45369383519380724,0.0432,0.823,82.317,0.125,0.226,5
Mad World (Feat. Michael Andrews),Gary Jules,3JOVTQ5h8HGFnDdp4VT3MP,0.345,0.0581,0.2862511920121166,0.0374,0.976,174.117,0.103,0.304,5
I Will Follow You into the Dark,Death Cab for Cutie,3kZC0ZmFWrEHdUCmUqlvgZ,0.517,0.206,0.5658271161720985,0.0421,0.924,80.401,0.118,0.489,5
Wish You Were Here - 2011 Remastered Version,Pink Floyd,1wHSxWBfPr3GO31y8KGrWe,0.481,0.262,0.36966399281987994,0.0414,0.735,122.883,0.832,0.375,5
Landslide,Fleetwood Mac,5ihS6UUlyQAfmp48eSkxuQ,0.414,0.161,0.0,0.0318,0.883,159.375,0.117,0.423,5
Guess I'm Doing Fine,Beck,6Pxqd7tcXE0t4mfK7PGDra,0.435,0.412,0.7779772255567399,0.0271,0.143,117.7,0.164,0.248,5
Brick,Ben Folds Five,6wy16VUfaWw4kqUMHlU39c,0.539,0.46,0.6259606215291412,0.0258,0.427,97.284,0.0903,0.255,5
Unchained Melody,The Righteous Brothers,1jFhnVoJkcB4lf9tT0rSZS,0.361,0.219,0.3234980647332697,0.0285,0.563,98.532,0.558,0.26,5
Goodbye My Lover,James Blunt,6gxycjJNMgmAyfzUXBN80P,0.432,0.261,0.5457452179278623,0.0512,0.953,89.567,0.0903,0.273,5
Whiskey Lullaby (feat. Alison Krauss),Brad Paisley,6iblnklMzUKIXAtjk5lzIy,0.52,0.333,0.6064957648510687,0.0302,0.816,74.165,0.188,0.198,5
Something In The Way,Nirvana,1nFtiJxYdhtFfFtfXBv06s,0.427,0.201,0.520334324339485,0.0317,0.745,105.218,0.109,0.0668,5
River,Joni Mitchell,0DAmSYQW9kq9gQNDI002KP,0.405,0.152,0.4722611768665508,0.0395,0.979,61.34,0.104,0.383,5
Creep,Radiohead,3HfB5hBU0dmBt8T0iCmH42,0.532,0.344,0.5196050933976553,0.035,0.00563,91.834,0.115,0.126,5
The Blower's Daughter,Damien Rice,4B2lJinAkeNLSJjcq3dg8Q,0.342,0.2,0.4908846132271274,0.0324,0.134,133.113,0.341,0.0743,5
All of Me,John Legend,3U4isOIWM3VvDubwSI3y7a,0.422,0.264,0.8557805575811972,0.0322,0.922,119.93,0.132,0.331,5
The Needle And The Damage Done,Neil Young,3eKXd8eSlzMbvg94EPVmQE,0.617,0.257,0.521119649969148,0.031,0.859,105.507,0.683,0.405,5
I Can't Make You Love Me/Nick of Time,Bon Iver,0VXevk74BcLmIbUijIWxfR,0.42,0.0726,0.3852583160374713,0.0365,0.989,113.365,0.127,0.179,5
Poison & Wine,The Civil Wars,3wsZYuHJrk3lssa7V7jvye,0.285,0.186,0.5380041510068997,0.0288,0.76,153.848,0.104,0.203,5
If You Say So,Lea Michele,6Fumoc72rTwXPGYwWUHhmh,0.342,0.436,0.9192797442082234,0.03,0.61,140.228,0.0975,0.237,5
"John Wayne Gacy, Jr.",Sufjan Stevens,2gFBh7NnEfSeBoZZDB5d2C,0.463,0.179,0.41891512873730863,0.0402,0.917,80.747,0.12,0.183,5
Trouble,Yusuf / Cat Stevens,1zXkW4xGKcKyfhrWkYIjOI,0.519,0.177,0.42884388848376054,0.0425,0.653,140.628,0.0964,0.309,5
Make You Feel My Love,Adele,7rPLZ8Krm6CZIbraFUlnWZ,0.325,0.18,0.6547932910753352,0.0311,0.91,72.416,0.113,0.0997,5
Supermarket Flowers,Ed Sheeran,4VuS959DSpr82t3qBqCrWG,0.589,0.242,0.6620856004936333,0.0442,0.914,89.749,0.0887,0.257,5
Feeling Whitney,Post Malone,35r28RDot7nPE7y9K9H7l0,0.412,0.227,0.5398552757053907,0.0359,0.787,80.111,0.282,0.226,5
How's The World Treating You,Daniel Agee,06KWxPWcaOBaKGIPhjPLLq,0.543,0.312,0.651876367308016,0.0292,0.834,72.037,0.181,0.301,5
Unhinged,Nick Jonas,545yZeRbrPHj6wM94RgT3M,0.395,0.459,0.8162338026588882,0.0603,0.607,143.706,0.0976,0.387,5
Sober,Demi Lovato,0STK94RxUulYqWzwFlyAb5,0.397,0.303,0.6679194480282717,0.11,0.798,170.22,0.0824,0.17,5
Temporary Home,Carrie Underwood,0d0tJF80562KcMndcBcSfM,0.416,0.354,0.8954395018791721,0.0263,0.731,80.767,0.0925,0.181,5
Liability,Lorde,6Kkt27YmFyIFrcX3QXFi2o,0.587,0.229,0.6207438155606665,0.128,0.92,75.67,0.1,0.379,5
Dreaming with a Broken Heart,John Mayer,7keXdrB4mz57u4b8YkCwag,0.61,0.349,0.7291748471419757,0.0301,0.554,136.012,0.201,0.155,5
Perfect,Selena Gomez,0z8u1VqXUYPBMIoF91JIWE,0.392,0.558,0.8723284904919505,0.0598,0.142,135.897,0.118,0.159,5
Chainsaw,Nick Jonas,5UsW4W8VgHrRLDzXQ9XSpt,0.57,0.683,1.0,0.0496,0.138,84.938,0.0736,0.297,5
Last Kiss,Taylor Swift,1D27z8xNzjW0Mwwt1NCWhJ,0.371,0.341,0.7205362652156841,0.0319,0.57,89.038,0.101,0.196,5
Fix a Heart,Demi Lovato,0fMhhdMdbC94rHHK63jwWu,0.491,0.452,0.8111291860660796,0.0491,0.579,160.227,0.0907,0.455,5
Marvins Room,Drake,047fCsbO4NdmwCBn8pcUXl,0.492,0.26,0.27929545072081674,0.0921,0.646,111.519,0.0705,0.312,5
Never on the Day You Leave,John Mayer,3TQbr3G3U5wlwEJejmqC1F,0.536,0.355,0.769058170191283,0.0259,0.733,139.888,0.138,0.22,5
All Too Well,Taylor Swift,1q3RiD1tIWUpGsNFADMlvl,0.602,0.609,0.8143265832725641,0.0243,0.0382,93.06,0.127,0.337,5
